split,best_iteration,rmse,mae
test,1199,11.121136796317783,6.480158297143686
